"","country","iso2c","iso3c","continent","region","map_country"
"1","Afghanistan","AF","AFG","Asia","Southern Asia","Afghanistan"
"2","Albania","AL","ALB","Europe","Southern Europe","Albania"
"3","Algeria","DZ","DZA","Africa","Northern Africa","Algeria"
"4","American Samoa","AS","ASM","Oceania","Polynesia","American Samoa"
"5","Andorra","AD","AND","Europe","Southern Europe","Andorra"
"6","Angola","AO","AGO","Africa","Middle Africa","Angola"
"7","Anguilla","AI","AIA","Americas","Caribbean","Anguilla"
"8","Antigua & Barbuda","AG","ATG","Americas","Caribbean","Antigua"
"9","Argentina","AR","ARG","Americas","South America","Argentina"
"10","Armenia","AM","ARM","Asia","Western Asia","Armenia"
"11","Aruba","AW","ABW","Americas","Caribbean","Aruba"
"12","Australia","AU","AUS","Oceania","Australia and New Zealand","Australia"
"13","Austria","AT","AUT","Europe","Western Europe","Austria"
"14","Azerbaijan","AZ","AZE","Asia","Western Asia","Azerbaijan"
"15","Bahamas","BS","BHS","Americas","Caribbean","Bahamas"
"16","Bahrain","BH","BHR","Asia","Western Asia","Bahrain"
"17","Bangladesh","BD","BGD","Asia","Southern Asia","Bangladesh"
"18","Barbados","BB","BRB","Americas","Caribbean","Barbados"
"19","Belarus","BY","BLR","Europe","Eastern Europe","Belarus"
"20","Belgium","BE","BEL","Europe","Western Europe","Belgium"
"21","Belize","BZ","BLZ","Americas","Central America","Belize"
"22","Benin","BJ","BEN","Africa","Western Africa","Benin"
"23","Bermuda","BM","BMU","Americas","Northern America","Bermuda"
"24","Bhutan","BT","BTN","Asia","Southern Asia","Bhutan"
"25","Bolivia","BO","BOL","Americas","South America","Bolivia"
"26","Bosnia & Herzegovina","BA","BIH","Europe","Southern Europe","Bosnia and Herzegovina"
"27","Botswana","BW","BWA","Africa","Southern Africa","Botswana"
"28","Brazil","BR","BRA","Americas","South America","Brazil"
"29","British Virgin Islands","VG","VGB","Americas","Caribbean","Virgin Islands"
"30","Brunei","BN","BRN","Asia","South-Eastern Asia","Brunei"
"31","Bulgaria","BG","BGR","Europe","Eastern Europe","Bulgaria"
"32","Burkina Faso","BF","BFA","Africa","Western Africa","Burkina Faso"
"33","Burundi","BI","BDI","Africa","Eastern Africa","Burundi"
"34","Cambodia","KH","KHM","Asia","South-Eastern Asia","Cambodia"
"35","Cameroon","CM","CMR","Africa","Middle Africa","Cameroon"
"36","Canada","CA","CAN","Americas","Northern America","Canada"
"37","Cape Verde","CV","CPV","Africa","Western Africa","Cape Verde"
"38","Cayman Islands","KY","CYM","Americas","Caribbean","Cayman Islands"
"39","Central African Republic","CF","CAF","Africa","Middle Africa","Central African Republic"
"40","Chad","TD","TCD","Africa","Middle Africa","Chad"
"41","Chile","CL","CHL","Americas","South America","Chile"
"42","China","CN","CHN","Asia","Eastern Asia","China"
"43","Colombia","CO","COL","Americas","South America","Colombia"
"44","Comoros","KM","COM","Africa","Eastern Africa","Comoros"
"45","Congo - Brazzaville","CG","COG","Africa","Middle Africa","Republic of Congo"
"46","Congo - Kinshasa","CD","COD","Africa","Middle Africa","Democratic Republic of the Congo"
"47","Cook Islands","CK","COK","Oceania","Polynesia","Cook Islands"
"48","Costa Rica","CR","CRI","Americas","Central America","Costa Rica"
"49","Côte d'Ivoire","CI","CIV","Africa","Western Africa","Ivory Coast"
"50","Croatia","HR","HRV","Europe","Southern Europe","Croatia"
"51","Cuba","CU","CUB","Americas","Caribbean","Cuba"
"52","Curaçao","CW","CUW","Americas","Caribbean","Curacao"
"53","Cyprus","CY","CYP","Asia","Western Asia","Cyprus"
"54","Czechia","CZ","CZE","Europe","Eastern Europe","Czech Republic"
"55","Denmark","DK","DNK","Europe","Northern Europe","Denmark"
"56","Djibouti","DJ","DJI","Africa","Eastern Africa","Djibouti"
"57","Dominica","DM","DMA","Americas","Caribbean","Dominica"
"58","Dominican Republic","DO","DOM","Americas","Caribbean","Dominican Republic"
"59","Ecuador","EC","ECU","Americas","South America","Ecuador"
"60","Egypt","EG","EGY","Africa","Northern Africa","Egypt"
"61","El Salvador","SV","SLV","Americas","Central America","El Salvador"
"62","Equatorial Guinea","GQ","GNQ","Africa","Middle Africa","Equatorial Guinea"
"63","Eritrea","ER","ERI","Africa","Eastern Africa","Eritrea"
"64","Estonia","EE","EST","Europe","Northern Europe","Estonia"
"65","Ethiopia","ET","ETH","Africa","Eastern Africa","Ethiopia"
"66","Falkland Islands","FK","FLK","Americas","South America","Falkland Islands"
"67","Faroe Islands","FO","FRO","Europe","Northern Europe","Faroe Islands"
"68","Fiji","FJ","FJI","Oceania","Melanesia","Fiji"
"69","Finland","FI","FIN","Europe","Northern Europe","Finland"
"70","France","FR","FRA","Europe","Western Europe","France"
"71","French Guiana","GF","GUF","Americas","South America","French Guiana"
"72","French Polynesia","PF","PYF","Oceania","Polynesia","French Polynesia"
"73","Gabon","GA","GAB","Africa","Middle Africa","Gabon"
"74","Gambia","GM","GMB","Africa","Western Africa","Gambia"
"75","Georgia","GE","GEO","Asia","Western Asia","Georgia"
"76","Germany","DE","DEU","Europe","Western Europe","Germany"
"77","Ghana","GH","GHA","Africa","Western Africa","Ghana"
"78","Gibraltar","GI","GIB","Europe","Southern Europe",NA
"79","Greece","GR","GRC","Europe","Southern Europe","Greece"
"80","Greenland","GL","GRL","Americas","Northern America","Greenland"
"81","Grenada","GD","GRD","Americas","Caribbean","Grenada"
"82","Guadeloupe","GP","GLP","Americas","Caribbean","Guadeloupe"
"83","Guam","GU","GUM","Oceania","Micronesia","Guam"
"84","Guatemala","GT","GTM","Americas","Central America","Guatemala"
"85","Guernsey","GG","GGY","Europe","Northern Europe","Guernsey"
"86","Guinea","GN","GIN","Africa","Western Africa","Guinea"
"87","Guinea-Bissau","GW","GNB","Africa","Western Africa","Guinea-Bissau"
"88","Guyana","GY","GUY","Americas","South America","Guyana"
"89","Haiti","HT","HTI","Americas","Caribbean","Haiti"
"90","Honduras","HN","HND","Americas","Central America","Honduras"
"91","Hong Kong SAR China","HK","HKG","Asia","Eastern Asia",NA
"92","Hungary","HU","HUN","Europe","Eastern Europe","Hungary"
"93","Iceland","IS","ISL","Europe","Northern Europe","Iceland"
"94","India","IN","IND","Asia","Southern Asia","India"
"95","Indonesia","ID","IDN","Asia","South-Eastern Asia","Indonesia"
"96","Iran","IR","IRN","Asia","Southern Asia","Iran"
"97","Iraq","IQ","IRQ","Asia","Western Asia","Iraq"
"98","Ireland","IE","IRL","Europe","Northern Europe","Ireland"
"99","Isle of Man","IM","IMN","Europe","Northern Europe","Isle of Man"
"100","Israel","IL","ISR","Asia","Western Asia","Israel"
"101","Italy","IT","ITA","Europe","Southern Europe","Italy"
"102","Jamaica","JM","JAM","Americas","Caribbean","Jamaica"
"103","Japan","JP","JPN","Asia","Eastern Asia","Japan"
"104","Jersey","JE","JEY","Europe","Northern Europe","Jersey"
"105","Jordan","JO","JOR","Asia","Western Asia","Jordan"
"106","Kazakhstan","KZ","KAZ","Asia","Central Asia","Kazakhstan"
"107","Kenya","KE","KEN","Africa","Eastern Africa","Kenya"
"108","Kiribati","KI","KIR","Oceania","Micronesia","Kiribati"
"109","Kuwait","KW","KWT","Asia","Western Asia","Kuwait"
"110","Kyrgyzstan","KG","KGZ","Asia","Central Asia","Kyrgyzstan"
"111","Laos","LA","LAO","Asia","South-Eastern Asia","Laos"
"112","Latvia","LV","LVA","Europe","Northern Europe","Latvia"
"113","Lebanon","LB","LBN","Asia","Western Asia","Lebanon"
"114","Lesotho","LS","LSO","Africa","Southern Africa","Lesotho"
"115","Liberia","LR","LBR","Africa","Western Africa","Liberia"
"116","Libya","LY","LBY","Africa","Northern Africa","Libya"
"117","Liechtenstein","LI","LIE","Europe","Western Europe","Liechtenstein"
"118","Lithuania","LT","LTU","Europe","Northern Europe","Lithuania"
"119","Luxembourg","LU","LUX","Europe","Western Europe","Luxembourg"
"120","Macau SAR China","MO","MAC","Asia","Eastern Asia",NA
"121","Macedonia","MK","MKD","Europe","Southern Europe","Macedonia"
"122","Madagascar","MG","MDG","Africa","Eastern Africa","Madagascar"
"123","Malawi","MW","MWI","Africa","Eastern Africa","Malawi"
"124","Malaysia","MY","MYS","Asia","South-Eastern Asia","Malaysia"
"125","Maldives","MV","MDV","Asia","Southern Asia","Maldives"
"126","Mali","ML","MLI","Africa","Western Africa","Mali"
"127","Malta","MT","MLT","Europe","Southern Europe","Malta"
"128","Marshall Islands","MH","MHL","Oceania","Micronesia","Marshall Islands"
"129","Martinique","MQ","MTQ","Americas","Caribbean","Martinique"
"130","Mauritania","MR","MRT","Africa","Western Africa","Mauritania"
"131","Mauritius","MU","MUS","Africa","Eastern Africa","Mauritius"
"132","Mayotte","YT","MYT","Africa","Eastern Africa","Mayotte"
"133","Mexico","MX","MEX","Americas","Central America","Mexico"
"134","Micronesia (Federated States of)","FM","FSM","Oceania","Micronesia","Micronesia"
"135","Moldova","MD","MDA","Europe","Eastern Europe","Moldova"
"136","Mongolia","MN","MNG","Asia","Eastern Asia","Mongolia"
"137","Montenegro","ME","MNE","Europe","Southern Europe","Montenegro"
"138","Montserrat","MS","MSR","Americas","Caribbean","Montserrat"
"139","Morocco","MA","MAR","Africa","Northern Africa","Morocco"
"140","Mozambique","MZ","MOZ","Africa","Eastern Africa","Mozambique"
"141","Myanmar (Burma)","MM","MMR","Asia","South-Eastern Asia","Myanmar"
"142","Namibia","NA","NAM","Africa","Southern Africa","Namibia"
"143","Nauru","NR","NRU","Oceania","Micronesia","Nauru"
"144","Nepal","NP","NPL","Asia","Southern Asia","Nepal"
"145","Netherlands","NL","NLD","Europe","Western Europe","Netherlands"
"146","New Caledonia","NC","NCL","Oceania","Melanesia","New Caledonia"
"147","New Zealand","NZ","NZL","Oceania","Australia and New Zealand","New Zealand"
"148","Nicaragua","NI","NIC","Americas","Central America","Nicaragua"
"149","Niger","NE","NER","Africa","Western Africa","Niger"
"150","Nigeria","NG","NGA","Africa","Western Africa","Nigeria"
"151","Niue","NU","NIU","Oceania","Polynesia","Niue"
"152","North Korea","KP","PRK","Asia","Eastern Asia","North Korea"
"153","Northern Mariana Islands","MP","MNP","Oceania","Micronesia","Northern Mariana Islands"
"154","Norway","NO","NOR","Europe","Northern Europe","Norway"
"155","Oman","OM","OMN","Asia","Western Asia","Oman"
"156","Pakistan","PK","PAK","Asia","Southern Asia","Pakistan"
"157","Palau","PW","PLW","Oceania","Micronesia","Palau"
"158","Palestinian Territories","PS","PSE","Asia","Western Asia","Palestine"
"159","Panama","PA","PAN","Americas","Central America","Panama"
"160","Papua New Guinea","PG","PNG","Oceania","Melanesia","Papua New Guinea"
"161","Paraguay","PY","PRY","Americas","South America","Paraguay"
"162","Peru","PE","PER","Americas","South America","Peru"
"163","Philippines","PH","PHL","Asia","South-Eastern Asia","Philippines"
"164","Poland","PL","POL","Europe","Eastern Europe","Poland"
"165","Portugal","PT","PRT","Europe","Southern Europe","Portugal"
"166","Puerto Rico","PR","PRI","Americas","Caribbean","Puerto Rico"
"167","Qatar","QA","QAT","Asia","Western Asia","Qatar"
"168","Réunion","RE","REU","Africa","Eastern Africa","Reunion"
"169","Romania","RO","ROU","Europe","Eastern Europe","Romania"
"170","Russia","RU","RUS","Europe","Eastern Europe","Russia"
"171","Rwanda","RW","RWA","Africa","Eastern Africa","Rwanda"
"172","Samoa","WS","WSM","Oceania","Polynesia","Samoa"
"173","São Tomé & Príncipe","ST","STP","Africa","Middle Africa","Sao Tome and Principe"
"174","Saudi Arabia","SA","SAU","Asia","Western Asia","Saudi Arabia"
"175","Senegal","SN","SEN","Africa","Western Africa","Senegal"
"176","Serbia","RS","SRB","Europe","Southern Europe","Serbia"
"177","Seychelles","SC","SYC","Africa","Eastern Africa","Seychelles"
"178","Sierra Leone","SL","SLE","Africa","Western Africa","Sierra Leone"
"179","Singapore","SG","SGP","Asia","South-Eastern Asia","Singapore"
"180","Sint Maarten","SX","SXM","Americas","Caribbean","Sint Maarten"
"181","Slovakia","SK","SVK","Europe","Eastern Europe","Slovakia"
"182","Slovenia","SI","SVN","Europe","Southern Europe","Slovenia"
"183","Solomon Islands","SB","SLB","Oceania","Melanesia","Solomon Islands"
"184","Somalia","SO","SOM","Africa","Eastern Africa","Somalia"
"185","South Africa","ZA","ZAF","Africa","Southern Africa","South Africa"
"186","South Korea","KR","KOR","Asia","Eastern Asia","South Korea"
"187","South Sudan","SS","SSD","Africa","Northern Africa","South Sudan"
"188","Spain","ES","ESP","Europe","Southern Europe","Spain"
"189","Sri Lanka","LK","LKA","Asia","Southern Asia","Sri Lanka"
"190","St. Helena","SH","SHN","Africa","Western Africa","Saint Helena"
"191","St. Kitts & Nevis","KN","KNA","Americas","Caribbean","Saint Kitts"
"192","St. Lucia","LC","LCA","Americas","Caribbean","Saint Lucia"
"193","St. Pierre & Miquelon","PM","SPM","Americas","Northern America","Saint Pierre and Miquelon"
"194","St. Vincent & Grenadines","VC","VCT","Americas","Caribbean","Saint Vincent"
"195","Sudan","SD","SDN","Africa","Northern Africa","Sudan"
"196","Suriname","SR","SUR","Americas","South America","Suriname"
"197","Swaziland","SZ","SWZ","Africa","Southern Africa","Swaziland"
"198","Sweden","SE","SWE","Europe","Northern Europe","Sweden"
"199","Switzerland","CH","CHE","Europe","Western Europe","Switzerland"
"200","Syria","SY","SYR","Asia","Western Asia","Syria"
"201","Tajikistan","TJ","TJK","Asia","Central Asia","Tajikistan"
"202","Tanzania","TZ","TZA","Africa","Eastern Africa","Tanzania"
"203","Thailand","TH","THA","Asia","South-Eastern Asia","Thailand"
"204","Timor-Leste","TL","TLS","Asia","South-Eastern Asia","Timor-Leste"
"205","Togo","TG","TGO","Africa","Western Africa","Togo"
"206","Tonga","TO","TON","Oceania","Polynesia","Tonga"
"207","Trinidad & Tobago","TT","TTO","Americas","Caribbean","Trinidad"
"208","Tunisia","TN","TUN","Africa","Northern Africa","Tunisia"
"209","Turkey","TR","TUR","Asia","Western Asia","Turkey"
"210","Turkmenistan","TM","TKM","Asia","Central Asia","Turkmenistan"
"211","Turks & Caicos Islands","TC","TCA","Americas","Caribbean","Turks and Caicos Islands"
"212","Tuvalu","TV","TUV","Oceania","Polynesia",NA
"213","U.S. Virgin Islands","VI","VIR","Americas","Caribbean",NA
"214","Uganda","UG","UGA","Africa","Eastern Africa","Uganda"
"215","Ukraine","UA","UKR","Europe","Eastern Europe","Ukraine"
"216","United Arab Emirates","AE","ARE","Asia","Western Asia","United Arab Emirates"
"217","United Kingdom","GB","GBR","Europe","Northern Europe","UK"
"218","United States","US","USA","Americas","Northern America","USA"
"219","Uruguay","UY","URY","Americas","South America","Uruguay"
"220","Uzbekistan","UZ","UZB","Asia","Central Asia","Uzbekistan"
"221","Vanuatu","VU","VUT","Oceania","Melanesia","Vanuatu"
"222","Venezuela","VE","VEN","Americas","South America","Venezuela"
"223","Vietnam","VN","VNM","Asia","South-Eastern Asia","Vietnam"
"224","Wallis & Futuna","WF","WLF","Oceania","Polynesia","Wallis and Futuna"
"225","Yemen","YE","YEM","Asia","Western Asia","Yemen"
"226","Zambia","ZM","ZMB","Africa","Eastern Africa","Zambia"
"227","Zimbabwe","ZW","ZWE","Africa","Eastern Africa","Zimbabwe"
